Workbook

Sheet Summary
A1: OG English Learning — learning map & level rethink
A2: Prepared 18 Oct 2026 for the Godot project og-english-learning. Executive summary first; details on the following tabs.
B4: Executive summary
A5: 1 | B5: Learning path: OG teaches in 4 layers — sounds (oral) → letters/phonemes → syllables → morphemes — mapped here as 40 stages in 6 bands plus 2 strands (heart words, fluency).
A6: 2 | B6: Biggest gaps today: no oral sound stage; the game jumps from blends straight to prefixes, skipping the whole vowel-pattern band (magic e, open syllables, vowel teams, r-controlled — 7 stages) and most of syllable division.
A7: 3 | B7: Content bugs: 3 words spell wrongly (drift, sweep, crown); level numbers collide so Zone 2 can ask for single letters. Fix these first.
A8: 4 | B8: Proposed world: 8 zones (Echo Meadow → Root Ruins), each opened by a boss + ≥80% mastery, not by XP.
A9: 5 | B9: Difficulty: keep the stage's content fixed; Easy / Normal / Hard only changes scaffolds (audio, distractors, tries, hints). No timers that can fail a child.
A10: 6 | B10: Attacks: Wand = listening, Light = review of the last mastered stage, Heavy = spell the new pattern (2 dmg).
A11: 7 | B11: Next build step: give every word a stage_id, then add Dictation Scroll (suggested by 14 stages — the most of any new mode) and Elkonin Boxes (core OG segmenting).
B13: Coverage of the learning map in the current build
B14: Band | C14: Stages | D14: Yes | E14: Partial | F14: No
B15: A · Sounds (oral) | C15: =COUNTIF('Learning Map'!$B$5:$B$46,B15) -> 7 | D15: =COUNTIFS('Learning Map'!$B$5:$B$46,B15,'Learning Map'!$M$5:$M$46,"Yes") -> 0 | E15: =COUNTIFS('Learning Map'!$B$5:$B$46,B15,'Learning Map'!$M$5:$M$46,"Partial") -> 2 | F15: =COUNTIFS('Learning Map'!$B$5:$B$46,B15,'Learning Map'!$M$5:$M$46,"No") -> 5
B16: B · Letters & sounds | C16: =COUNTIF('Learning Map'!$B$5:$B$46,B16) -> 6 | D16: =COUNTIFS('Learning Map'!$B$5:$B$46,B16,'Learning Map'!$M$5:$M$46,"Yes") -> 0 | E16: =COUNTIFS('Learning Map'!$B$5:$B$46,B16,'Learning Map'!$M$5:$M$46,"Partial") -> 3 | F16: =COUNTIFS('Learning Map'!$B$5:$B$46,B16,'Learning Map'!$M$5:$M$46,"No") -> 3
B17: C · Closed syllables | C17: =COUNTIF('Learning Map'!$B$5:$B$46,B17) -> 8 | D17: =COUNTIFS('Learning Map'!$B$5:$B$46,B17,'Learning Map'!$M$5:$M$46,"Yes") -> 3 | E17: =COUNTIFS('Learning Map'!$B$5:$B$46,B17,'Learning Map'!$M$5:$M$46,"Partial") -> 1 | F17: =COUNTIFS('Learning Map'!$B$5:$B$46,B17,'Learning Map'!$M$5:$M$46,"No") -> 4
B18: D · Vowel patterns | C18: =COUNTIF('Learning Map'!$B$5:$B$46,B18) -> 7 | D18: =COUNTIFS('Learning Map'!$B$5:$B$46,B18,'Learning Map'!$M$5:$M$46,"Yes") -> 0 | E18: =COUNTIFS('Learning Map'!$B$5:$B$46,B18,'Learning Map'!$M$5:$M$46,"Partial") -> 0 | F18: =COUNTIFS('Learning Map'!$B$5:$B$46,B18,'Learning Map'!$M$5:$M$46,"No") -> 7
B19: E · Multisyllable | C19: =COUNTIF('Learning Map'!$B$5:$B$46,B19) -> 6 | D19: =COUNTIFS('Learning Map'!$B$5:$B$46,B19,'Learning Map'!$M$5:$M$46,"Yes") -> 0 | E19: =COUNTIFS('Learning Map'!$B$5:$B$46,B19,'Learning Map'!$M$5:$M$46,"Partial") -> 3 | F19: =COUNTIFS('Learning Map'!$B$5:$B$46,B19,'Learning Map'!$M$5:$M$46,"No") -> 3
B20: F · Morphemes | C20: =COUNTIF('Learning Map'!$B$5:$B$46,B20) -> 6 | D20: =COUNTIFS('Learning Map'!$B$5:$B$46,B20,'Learning Map'!$M$5:$M$46,"Yes") -> 0 | E20: =COUNTIFS('Learning Map'!$B$5:$B$46,B20,'Learning Map'!$M$5:$M$46,"Partial") -> 2 | F20: =COUNTIFS('Learning Map'!$B$5:$B$46,B20,'Learning Map'!$M$5:$M$46,"No") -> 4
B21: H · Heart words (all zones) | C21: =COUNTIF('Learning Map'!$B$5:$B$46,B21) -> 1 | D21: =COUNTIFS('Learning Map'!$B$5:$B$46,B21,'Learning Map'!$M$5:$M$46,"Yes") -> 0 | E21: =COUNTIFS('Learning Map'!$B$5:$B$46,B21,'Learning Map'!$M$5:$M$46,"Partial") -> 1 | F21: =COUNTIFS('Learning Map'!$B$5:$B$46,B21,'Learning Map'!$M$5:$M$46,"No") -> 0
B22: R · Fluency (all zones) | C22: =COUNTIF('Learning Map'!$B$5:$B$46,B22) -> 1 | D22: =COUNTIFS('Learning Map'!$B$5:$B$46,B22,'Learning Map'!$M$5:$M$46,"Yes") -> 0 | E22: =COUNTIFS('Learning Map'!$B$5:$B$46,B22,'Learning Map'!$M$5:$M$46,"Partial") -> 0 | F22: =COUNTIFS('Learning Map'!$B$5:$B$46,B22,'Learning Map'!$M$5:$M$46,"No") -> 1
B23: Total | C23: =SUM(C15:C22) -> 42 | D23: =SUM(D15:D22) -> 3 | E23: =SUM(E15:E22) -> 12 | F23: =SUM(F15:F22) -> 27
B24: Share of stages with any coverage (Yes + Partial) | D24: =IF(C23=0,0,(D23+E23)/C23) -> 0.35714286
B25: Share of stages fully built (Yes) | D25: =IF(C23=0,0,D23/C23) -> 0.071428571
B27: Tabs in this workbook
B28: Learning Map | C28: 40+2 OG stages in teaching order, each with Easy / Normal / Hard play suggestions and current-build status (edit column M as you build).
B29: Game Modes | C29: 22 mini-game modes: skill, senses, difficulty tiers, attack fit, build effort, # of stages that use it.
B30: Level Redesign | C30: 8-zone world, bosses, mastery gates, village buildings, and what changes vs today.
B31: Difficulty System | C31: Easy/Normal/Hard levers, attack → mode mapping, and an adaptive tier calculator.
B32: Current Game Audit | C32: 14 findings from the code (og_words.gd, zone_catalog.gd, battle_screen.gd ...) with fixes.
B33: Sources | C33: Research references.

Sheet Learning Map
A1: OG Learning Map — sounds → phonemes → syllables → morphemes
A2: One row per stage, in teaching order. Each stage suggests three ways to play (Easy / Normal / Hard). Colour = band.
A4: ID | B4: Band | C4: Stage | D4: OG skill focus | E4: Patterns / rules taught | F4: Example words | G4: Heart words (irregular) introduced | H4: Mastery check (to unlock next) | I4: EASY — how to play | J4: NORMAL — how to play | K4: HARD — how to play | L4: Proposed zone | M4: In current build?
A5: A1 | B5: A · Sounds (oral) | C5: Word & rhyme awareness | D5: Hear that speech is made of words; notice rhyme | E5: Count words in a spoken sentence; rhyme / no-rhyme | F5: cat–hat, sun–fun, "The dog ran" = 3 words | G5: — | H5: ≥80% on 10 oral items, 2 separate days | I5: Rhyme Hunt: hear 2 words, tap ✓ if they rhyme. Pictures shown, unlimited replay. | J5: Rhyme Hunt: hear a word, pick the rhyming picture from 3. | K5: Rhyme Hunt: odd-one-out from 4 spoken words, no pictures. | L5: 0 Echo Meadow | M5: No
A6: A2 | B6: A · Sounds (oral) | C6: Syllable awareness | D6: Count, blend and delete spoken syllables | E6: Compound words first, then 2–3 syllable words | F6: sun·set, rab·bit, el·e·phant | G6: — | H6: ≥80% on 10 oral items, 2 separate days | I6: Syllable Drum: hit the drum once per syllable with a beat guide. | J6: Syllable Drum: no beat guide; 2–3 syllable words. | K6: Syllable Drum: delete a part — "say sunset without sun", pick the picture. | L6: 0 Echo Meadow | M6: No
A7: A3 | B7: A · Sounds (oral) | C7: Onset & rime | D7: Split and blend onset + rime; word families | E7: Families -at -ig -op -un | F7: b + at = bat, s + it = sit | G7: — | H7: ≥80% on 10 oral items, 2 separate days | I7: Onset Forge: drag a sound onto the rime anvil, hear the new word. | J7: Onset Forge: 3 onsets, choose the one that makes the pictured word. | K7: Onset Forge: swap the rime instead (bat → bun) to match a picture. | L7: 0 Echo Meadow | M7: No
A8: A4 | B8: A · Sounds (oral) | C8: Phoneme isolation | D8: Name first, then last, then middle sound | E8: Initial → final → medial (vowel) sound | F8: /m/ in map, /t/ in cat, /a/ in cat | G8: — | H8: ≥80% on 10 oral items, 2 separate days | I8: Echo Shield: which picture STARTS with /m/? 2 choices. | J8: Echo Shield: final sound, 3 choices. | K8: Echo Shield: middle vowel sound, 4 choices. | L8: 0 Echo Meadow | M8: Partial
A9: A5 | B9: A · Sounds (oral) | C9: Phoneme blending | D9: Blend 2–4 spoken sounds into a word | E9: Continuous sounds first (m-a-n), then stop sounds | F9: /s/ /a/ /t/ → sat | G9: — | H9: ≥80% on 10 oral items, 2 separate days | I9: Sound Slide: sounds are stretched and connected; pick picture from 2. | J9: Sound Slide: sounds separated; pick from 3. | K9: Sound Slide: 4-sound words with blends (/f/ /r/ /o/ /g/); pick from 4. | L9: 0 Echo Meadow | M9: Partial
A10: A6 | B10: A · Sounds (oral) | C10: Phoneme segmentation | D10: Break a spoken word into each sound | E10: 2 → 3 → 4 phonemes | F10: sat = /s/ /a/ /t/ | G10: — | H10: ≥80% on 10 oral items, 2 separate days | I10: Elkonin Boxes (oral): push one token into a box per sound; box count shown. | J10: Elkonin Boxes: box count hidden — player adds the boxes. | K10: Elkonin Boxes: 4-sound words with blends. | L10: 0 Echo Meadow | M10: No
A11: A7 | B11: A · Sounds (oral) | C11: Phoneme manipulation | D11: Add, delete, substitute sounds | E11: Delete initial; substitute final; substitute medial | F11: mat → at, cat → cut, stop → top | G11: — | H11: ≥80% on 10 oral items, 2 separate days | I11: Word Chain (oral): swap the FIRST sound, pick new picture from 2. | J11: Word Chain: swap the LAST sound, 3 choices. | K11: Word Chain: swap the vowel, or delete a sound inside a blend. | L11: 0 Echo Meadow | M11: No
A12: B1 | B12: B · Letters & sounds | C12: Continuous consonants + short a | D12: Letter ↔ sound with keyword picture | E12: m s f l n r + short a (apple) | F12: am, an, man, ran, fan | G12: a, I, the | H12: ≥90% sound↔letter on 10 cards, 2 days | I12: Letter Trace: trace a giant letter while its sound plays (sky-writing), then tap it. | J12: Echo Shield: hear a sound, pick the letter from 3. | K12: Echo Shield: 5 letters including confusables; or see letter → pick sound clip. | L12: 1 Phoneme Village | M12: Partial
A13: B2 | B13: B · Letters & sounds | C13: Stop consonants | D13: Short, clipped sounds without added "uh" | E13: t p b d c g h | F13: tap, bat, dad, cab, hat | G13: is, his | H13: ≥90% sound↔letter on 10 cards, 2 days | I13: Letter Trace: mouth-picture cue shows lips/tongue for each sound. | J13: Echo Shield: 3 letters. | K13: Echo Shield: 5 letters; reverse mode (see letter → pick sound). | L13: 1 Phoneme Village | M13: Partial
A14: B3 | B14: B · Letters & sounds | C14: Short i and o | D14: Short vowels in the middle of CVC | E14: i (itch), o (octopus) | F14: sit, pin, hot, dog | G14: of, to | H14: ≥80% read AND spell, 2 separate days | I14: Vowel Pick: only the vowel slot is empty; 2 vowel choices. | J14: Vowel Pick: 3 vowel choices. | K14: Vowel Pick: all 5 vowels, no picture. | L14: 1 Phoneme Village | M14: Partial
A15: B4 | B15: B · Letters & sounds | C15: Short u and e | D15: Hardest vowel contrast for dyslexic learners (e/i) | E15: u (up), e (Ed); contrast e vs i | F15: sun, cup, bed, net | G15: do, you | H15: ≥80% read AND spell, 2 separate days | I15: Vowel Pick: 2 choices, mouth-shape cue. | J15: Twin Caves: sort spoken words into the /e/ cave or the /i/ cave. | K15: Vowel Pick: 5 vowels, no picture, nonsense CVCs. | L15: 1 Phoneme Village | M15: No
... A46: R1 | B46: R · Fluency (all zones) | C46: Phrases & decodable sentences | D46: Read connected text using mastered patterns only | E46: Decodable text drawn from mastered stages | F46: "The fish is in the dish." | G46: — | H46: Accuracy first; speed is optional bonus | I46: Sentence Scroll: read a sentence, pick the matching picture. | J46: Sentence Scroll: fill the missing word. | K46: Real or Nonsense?: speed round (timer optional, never fails you). | L46: Daily Quest Board (village) | M46: No

Sheet Game Modes
A1: Game modes catalogue — what to build
A2: 22 OG-grounded modes. Last column counts how many Learning Map stages suggest each mode (live formula).
A4: Game mode | B4: OG skill trained | C4: Senses used | D4: How it plays | E4: Easy | F4: Normal | G4: Hard | H4: Fits which attack / monster | I4: In current build? | J4: Build effort | K4: # stages using it
A5: Rhyme Hunt | B5: Rhyme / word awareness | C5: Auditory | D5: Hear spoken words and judge rhyme; pictures as support. | E5: Yes/no rhyme with pictures | F5: Pick rhyme from 3 | G5: Odd-one-out from 4, no pictures | H5: Wand Magic | I5: No | J5: S | K5: =SUMPRODUCT(--((ISNUMBER(SEARCH(A5,'Learning Map'!$I$5:$I$46))+ISNUMBER(SEARCH(A5,'Learning Map'!$J$5:$J$46))+ISNUMBER(SEARCH(A5,'Learning Map'!$K$5:$K$46)))>0)) -> 1
A6: Syllable Drum | B6: Syllable awareness | C6: Auditory + Kinesthetic | D6: Tap a drum once per spoken syllable. | E6: Beat guide on | F6: Beat guide off | G6: Delete a syllable | H6: Wand Magic | I6: No | J6: S | K6: =SUMPRODUCT(--((ISNUMBER(SEARCH(A6,'Learning Map'!$I$5:$I$46))+ISNUMBER(SEARCH(A6,'Learning Map'!$J$5:$J$46))+ISNUMBER(SEARCH(A6,'Learning Map'!$K$5:$K$46)))>0)) -> 1
A7: Onset Forge | B7: Onset–rime blending | C7: Auditory + Kinesthetic | D7: Drag an onset onto a rime anvil to forge a word. | E7: Hear result each drop | F7: Choose 1 of 3 onsets | G7: Swap the rime instead | H7: Heavy Hit (forge monsters) | I7: No | J7: S | K7: =SUMPRODUCT(--((ISNUMBER(SEARCH(A7,'Learning Map'!$I$5:$I$46))+ISNUMBER(SEARCH(A7,'Learning Map'!$J$5:$J$46))+ISNUMBER(SEARCH(A7,'Learning Map'!$K$5:$K$46)))>0)) -> 1
A8: Echo Shield | B8: Phoneme isolation / sound–letter | C8: Auditory + Visual | D8: Hear a sound, raise the shield with the matching letter or picture. | E8: 2 choices | F8: 3–4 choices | G8: 5 choices incl. confusables | H8: Wand Magic (audio monsters) | I8: Partial | J8: S | K8: =SUMPRODUCT(--((ISNUMBER(SEARCH(A8,'Learning Map'!$I$5:$I$46))+ISNUMBER(SEARCH(A8,'Learning Map'!$J$5:$J$46))+ISNUMBER(SEARCH(A8,'Learning Map'!$K$5:$K$46)))>0)) -> 7
A9: Sound Slide | B9: Blending | C9: Auditory | D9: Sounds slide together into a word; pick what you heard. | E9: Stretched, connected sounds | F9: Separated sounds | G9: 4–5 sound words | H9: Wand Magic / speed monsters | I9: Partial | J9: S | K9: =SUMPRODUCT(--((ISNUMBER(SEARCH(A9,'Learning Map'!$I$5:$I$46))+ISNUMBER(SEARCH(A9,'Learning Map'!$J$5:$J$46))+ISNUMBER(SEARCH(A9,'Learning Map'!$K$5:$K$46)))>0)) -> 2
A10: Elkonin Boxes | B10: Segmenting (1 sound = 1 box) | C10: Auditory + Kinesthetic + Visual | D10: Push one token per sound into boxes, then swap tokens for letters. | E10: Box count shown | F10: Box count hidden | G10: Blends vs digraphs | H10: Heavy Hit | I10: No | J10: M | K10: =SUMPRODUCT(--((ISNUMBER(SEARCH(A10,'Learning Map'!$I$5:$I$46))+ISNUMBER(SEARCH(A10,'Learning Map'!$J$5:$J$46))+ISNUMBER(SEARCH(A10,'Learning Map'!$K$5:$K$46)))>0)) -> 4
A11: Word Chain | B11: Phoneme manipulation | C11: Auditory + Visual | D11: Change one sound/letter at a time: cat → hat → hit → hip. | E11: Change first sound | F11: Change last sound | G11: Change vowel / inside blend | H11: Heavy Hit (2-word chain) | I11: Partial | J11: M | K11: =SUMPRODUCT(--((ISNUMBER(SEARCH(A11,'Learning Map'!$I$5:$I$46))+ISNUMBER(SEARCH(A11,'Learning Map'!$J$5:$J$46))+ISNUMBER(SEARCH(A11,'Learning Map'!$K$5:$K$46)))>0)) -> 2
A12: Letter Trace | B12: Letter formation + sound (SOS) | C12: Kinesthetic + Tactile + Auditory | D12: Trace a giant letter with mouse/finger while saying its sound. | E12: Guided path + sound | F12: Faded path | G12: From memory | H12: Village practice (Scribe's Hut) | I12: No | J12: M | K12: =SUMPRODUCT(--((ISNUMBER(SEARCH(A12,'Learning Map'!$I$5:$I$46))+ISNUMBER(SEARCH(A12,'Learning Map'!$J$5:$J$46))+ISNUMBER(SEARCH(A12,'Learning Map'!$K$5:$K$46)))>0)) -> 3
A13: Twin Caves | B13: Discrimination sort | C13: Visual + Auditory | D13: Sort items into 2–3 caves (b/d, e/i, hard/soft c, -ed sounds). | E13: 2 caves with anchor pictures | F13: 2 caves, no anchors | G13: 3 caves, mixed | H13: Light Hit (review) | I13: No | J13: S | K13: =SUMPRODUCT(--((ISNUMBER(SEARCH(A13,'Learning Map'!$I$5:$I$46))+ISNUMBER(SEARCH(A13,'Learning Map'!$J$5:$J$46))+ISNUMBER(SEARCH(A13,'Learning Map'!$K$5:$K$46)))>0)) -> 5
A14: Vowel Pick | B14: Short-vowel discrimination | C14: Auditory + Visual | D14: Only the vowel slot is empty; pick the vowel. | E14: 2 vowels | F14: 3 vowels | G14: 5 vowels, nonsense words | H14: Light Hit | I14: No | J14: S | K14: =SUMPRODUCT(--((ISNUMBER(SEARCH(A14,'Learning Map'!$I$5:$I$46))+ISNUMBER(SEARCH(A14,'Learning Map'!$J$5:$J$46))+ISNUMBER(SEARCH(A14,'Learning Map'!$K$5:$K$46)))>0)) -> 2
A15: Word Build | B15: Encoding with tiles | C15: Visual + Auditory + Kinesthetic | D15: Tap grapheme tiles in order to spell a dictated word. | E15: Correct tiles only, tiles speak | F15: +3 confusables | G15: +5 confusables, no tile audio | H15: Light / Heavy Hit | I15: Yes | J15: — | K15: =SUMPRODUCT(--((ISNUMBER(SEARCH(A15,'Learning Map'!$I$5:$I$46))+ISNUMBER(SEARCH(A15,'Learning Map'!$J$5:$J$46))+ISNUMBER(SEARCH(A15,'Learning Map'!$K$5:$K$46)))>0)) -> 9
A16: Which Spelling? | B16: Spelling-rule choice | C16: Visual + Auditory | D16: Choose between spellings of one sound by rule (c/k/ck, ai/ay, tch/ch). | E16: Rule card shown | F16: Rule card hidden | G16: Mixed rules + exceptions | H16: Light Hit | I16: Partial | J16: S | K16: =SUMPRODUCT(--((ISNUMBER(SEARCH(A16,'Learning Map'!$I$5:$I$46))+ISNUMBER(SEARCH(A16,'Learning Map'!$J$5:$J$46))+ISNUMBER(SEARCH(A16,'Learning Map'!$K$5:$K$46)))>0)) -> 6
... A26: Sentence Scroll | B26: Connected-text reading | C26: Visual | D26: Read a decodable sentence; pick a picture or fill a gap. | E26: Pick matching picture | F26: Fill missing word | G26: Choose correct affix form | H26: Bosses / Daily Quest | I26: No | J26: M | K26: =SUMPRODUCT(--((ISNUMBER(SEARCH(A26,'Learning Map'!$I$5:$I$46))+ISNUMBER(SEARCH(A26,'Learning Map'!$J$5:$J$46))+ISNUMBER(SEARCH(A26,'Learning Map'!$K$5:$K$46)))>0)) -> 3
A28: Build effort: S = reuses battle_screen tile/answer UI; M = new interaction (drag, slash, sort). Senses follow OG VAKT (visual, auditory, kinesthetic, tactile).

Sheet Level Redesign
A1: Proposed world & level structure
A2: Zones follow the OG sequence; a zone opens by MASTERY of the previous band, not by XP. # stages counts the Learning Map live.
A4: Zone | B4: World name | C4: OG stages covered | D4: # stages | E4: Player level (guide) | F4: Biome & monster families → signature mode | G4: Boss (cumulative review) | H4: Gate to enter | I4: Village building unlocked | J4: Current build equivalent | K4: What changes
A5: 0 | B5: Echo Meadow | C5: A1–A7 | D5: =COUNTIF('Learning Map'!$L$5:$L$46,"0 Echo Meadow") -> 7 | E5: 1–3 | F5: Sunny meadow, NO letters on screen. Echo Bats → Echo Shield; Hum Bees → Sound Slide; Clap Toads → Syllable Drum. | G5: Great Echo — mixes blend, segment and rhyme items | H5: None (start here) | I5: Well of Sounds (replay any sound) | J5: None | K5: NEW tutorial zone. OG starts with oral phonological awareness; the game currently skips it.
A6: 1 | B6: Phoneme Village | C6: B1–B6 | D6: =COUNTIF('Learning Map'!$L$5:$L$46,"1 Phoneme Village") -> 6 | E6: 3–8 | F6: Village outskirts. Letter Sprites → Letter Trace / Echo Shield; Mirror Imps → Twin Caves (b/d). | G6: Letter Golem — all 26 letter sounds + qu | H6: Beat Great Echo | I6: Scribe's Hut (Letter Trace practice) | J6: Zone 1, Lv 1–5 (7 letters + VC/CVC) | K6: Expand from 7 letters to the full alphabet; move CVC words out to Zone 2.
A7: 2 | B7: Closed-Syllable Woods | C7: C1–C8 | D7: =COUNTIF('Learning Map'!$L$5:$L$46,"2 Closed-Syllable Woods") -> 8 | E7: 8–16 | F7: 3 sub-areas: Glade (CVC) · Thicket (digraphs, FLOSS, glued) · Ridge (blends, -tch/-dge, -s/-es). Speed Wolves → Sound Slide; Forge Boars → Word Chain. | G7: Thornwood Treant — dictation of mixed closed-syllable words | H7: Beat Letter Golem + B1–B6 mastered | I7: Smithy (Word Build upgrades) | J7: Zone 2, Lv 6–12 (CVC, sh/ch/th/ck, blends) | K7: Same idea, but 8 distinct stages instead of 3; add FLOSS, glued sounds, -tch/-dge, plural -s.
A8: 3 | B8: Long-Vowel Lake | C8: D1–D3 | D8: =COUNTIF('Learning Map'!$L$5:$L$46,"3 Long-Vowel Lake") -> 3 | E8: 16–22 | F8: Lake and islands. Magic-e Mages → Magic-e Wand; Twin Herons → Which Spelling? (ai/ay); Open Otters → Syllable Sort. | G8: Lake Wyrm — sorts closed / open / magic-e / vowel-team words | H8: Beat Treant + C1–C8 mastered | I8: Mage Tower (Magic-e Wand) | J8: None — skipped today | K8: NEW. Today the game jumps from blends straight to prefixes and irregular words.
A9: 4 | B9: Growling Caves | C9: D4–D7 | D9: =COUNTIF('Learning Map'!$L$5:$L$46,"4 Growling Caves") -> 4 | E9: 22–28 | F9: Caves and mines. Bossy-R Bears → Which Spelling? (er/ir/ur); Oi-Oy Goblins → Echo Shield; Silent Ghosts → Heart Word. | G9: Roaring Drake — r-controlled, diphthongs, soft c/g | H9: Beat Lake Wyrm + D1–D3 mastered | I9: Library (Sentence Scroll) | J9: None — skipped today | K9: NEW. Covers r-controlled vowels, diphthongs, soft c/g and silent letters.
A10: 5 | B10: Syllable Mountains | C10: E1–E6 | D10: =COUNTIF('Learning Map'!$L$5:$L$46,"5 Syllable Mountains") -> 6 | E10: 28–34 | F10: Mountain passes. Splitter Rams → Syllable Splitter; Schwa Yetis → Echo Shield (stress). | G10: Mountain Giant — 3-syllable words, all 6 syllable types | H10: Beat Drake + D4–D7 mastered | I10: Watchtower (Syllable Sort) | J10: Part of Zone 3, Lv 13–14 (picnic, rabbit, napkin...) | K10: Separate zone for syllable division, consonant-le and schwa.
A11: 6 | B11: Morpheme Citadel | C11: F1–F4 | D11: =COUNTIF('Learning Map'!$L$5:$L$46,"6 Morpheme Citadel") -> 4 | E11: 34–40 | F11: Fortress. Affix Knights → Morpheme Smith; Rule Wardens → Rule Gate. | G11: Citadel King — build & spell affixed words in sentences | H11: Beat Mountain Giant + E1–E6 mastered | I11: Forge of Words (Morpheme Smith) | J11: Zone 3, Lv 15–16 (re-, un-, -ful, -ness) | K11: Adds -ed/-ing and the 3 suffix rules before prefixes; Anglo-Saxon layer first.
A12: 7 | B12: Root Ruins | C12: F5–F6 | D12: =COUNTIF('Learning Map'!$L$5:$L$46,"7 Root Ruins") -> 2 | E12: 40–45 | F12: Ancient ruins. Root Wraiths → Root Tree; Greek Sphinx → Morpheme Smith. | G12: Ancient Lexicon — infer meanings of unseen words | H12: Beat Citadel King + F1–F4 mastered | I12: Academy (Root Tree) | J12: None | K12: NEW end-game: Latin roots and Greek combining forms.
A13: All | B13: Rule-breakers (Heart words) | C13: H1 | D13: =COUNTIF('Learning Map'!$L$5:$L$46,"Rare spawns in every zone") -> 1 | E13: — | F13: Rare glowing monster in each zone that only uses the heart words for that band → Heart Word. | G13: — | H13: Appears once its band is unlocked | I13: — | J13: Zone 3, Lv 17–20 (said, was, come, have...) | K13: Spread heart words across the bands that need them instead of saving them for the end.
A14: All | B14: Daily Quest Board | C14: R1 + review | D14: =COUNTIF('Learning Map'!$L$5:$L$46,"Daily Quest Board (village)") -> 1 | E14: — | F14: Village board: 5-minute daily mixed review drawn from mastered stages (spaced repetition) + Sentence Scroll. | G14: — | H14: Always open | I14: — | J14: None | K14: Matches the GameSoul daily-ritual idea and OG cumulative review.
C15: Total stages | D15: =SUM(D5:D14) -> 42 | E15: =IF(D15=COUNTA('Learning Map'!$A$5:$A$46),"✓ all stages placed","⚠ check zones") -> ✓ all stages placed

Sheet Difficulty System
A1: Difficulty system — the same stage, three ways to play
A2: Difficulty changes scaffolding, not content. Content is set by the stage; the tier only changes how much support the child gets.
A4: Lever | B4: EASY (Apprentice) | C4: NORMAL (Adventurer) | D4: HARD (Champion) | E4: Why (OG / dyslexia rationale)
A5: Audio support | B5: Every tile speaks on tap; word repeats after 2 s (as now) | C5: Word plays once + Hear button | D5: Hear button only (dictation) | E5: Auditory channel is the anchor in OG; fade it gradually.
A6: Visual scaffolds | B6: Vowels colour-coded, syllable dots, picture shown | C6: Picture only | D6: None | E6: Scaffolds first, then remove them — explicit → independent.
A7: Tiles & distractors | B7: Correct tiles only (+0–1 easy distractor) | C7: +3 confusables (b/d, e/i, sh/ch) | D7: +5 confusables or free typing | E7: Uses the existing CONFUSABLES list in og_words.gd.
A8: Word choice | B8: Shortest, most regular words in the stage | C8: Typical words | D8: Longest words + nonsense words | E8: Nonsense words test true decoding, not memory.
A9: Tries before a miss | B9: Unlimited; after 2 errors the game models the answer and the child redoes it | C9: 3 (as now) | D9: 2 | E9: OG error correction: guide to the right answer, never just mark it wrong.
A10: Hints | B10: Automatic after 1 error (sound + mouth cue) | C10: On request | D10: Costs 1 mana | E10: Keeps the child from guessing repeatedly.
A11: Timer | B11: None | C11: None | D11: Optional speed bonus only — never a fail | E11: Time pressure raises anxiety for dyslexic learners; accuracy first.
A12: Error feedback | B12: Show the correct tile, say the sound, redo | C12: Highlight the wrong tile and play its sound | D12: "Try again" | E12: Feedback names the sound, not just right/wrong.
A13: Review vs new items | B13: 50% review / 50% new | C13: 30% review / 70% new | D13: 20% review / 80% new + cumulative | E13: OG is cumulative: every fight mixes in mastered items.
A14: Monster HP (hits) | B14: 3 | C14: 3–5 | D14: 5–7 | E14: Keeps a fight at roughly 3–7 words; short sessions.
A15: Player damage | B15: None — a miss only costs a turn | C15: None | D15: Lose a heart (refilled in village) | E15: "Combat is assessment, never punishes" (project rule).
A17: Attack → mode mapping (keeps the current 3 attacks)
A18: Attack | B18: Damage | C18: What it asks | D18: Typical modes | E18: Why
A19: Wand Magic (listen) | B19: 1 | C19: Current stage — listening / oral item | D19: Echo Shield, Sound Slide, Elkonin Boxes, Magic-e Wand | E19: Phonological skill under the written skill.
A20: Light Hit (sword) | B20: 1 | C20: PREVIOUS mastered stage — recognition | D20: Twin Caves, Vowel Pick, Which Spelling?, Real or Nonsense? | E20: Built-in spaced review; feels easy, builds confidence.
A21: Heavy Hit (sword) | B21: 2 | C21: Current stage — encoding (spell it) | D21: Word Build, Dictation Scroll, Morpheme Smith, Syllable Splitter | E21: Spelling is harder than reading, so it's worth 2.
A23: Adaptive tier calculator (edit the yellow cells)
A24: Legend: blue text on yellow = input. Example values shown — replace with a child's data.
A25: Correct answers in last 10 items (this stage) | B25: 8
A26: Separate days with ≥80% on this stage | B26: 1
A27: Current tier (Easy / Normal / Hard) | B27: Normal
A28: Step-up threshold (accuracy) | B28: 0.9 | C28: Source: IMSE describes a ~80% proficiency check before moving on; step thresholds are design assumptions.
A29: Step-down threshold (accuracy) | B29: 0.7
A30: Mastery threshold (accuracy) | B30: 0.8
A31: Days needed at mastery | B31: 2
A33: Rolling accuracy | B33: =$B$25/10 -> 0.8
A34: Recommended tier | B34: =IF($B$25/10>=$B$28,IF($B$27="Easy","Normal","Hard"),IF($B$25/10<$B$29,IF($B$27="Hard","Normal","Easy"),$B$27)) -> Normal
A35: Stage status | B35: =IF(AND($B$25/10>=$B$30,$B$26+1>=$B$31),"MASTERED — unlock next stage, move to review pool",IF($B$25/10>=$B$30,"On track — needs another day at ≥80%","Practising — keep scaffolds")) -> MASTERED — unlock next stage, move to review pool
A36: Stage status assumes today's session counts as one more day if accuracy ≥ mastery threshold.

Sheet Current Game Audit
A1: Current build — levels & difficulty audit (commit ab9750d, 10 Oct 2026)
A2: What the code does today vs the OG sequence. Priority: High = wrong content reaches the child.
A4: # | B4: Area | C4: Finding | D4: Where | E4: Effect on the learner | F4: Recommended fix | G4: Priority
A5: 1 | B5: Word data | C5: Three words spell wrongly: tiles for "drift" are d-r-i-f (builds "drif"), "sweep" is s-w-e-p ("swep"), "crown" is c-r-o-w ("crow"). | D5: og_words.gd · WORDS level 3 | E5: Child is marked right for a misspelling, or wrong for the real spelling. | F5: Fix tiles: d-r-i-f-t; s-w-ee-p; c-r-ow-n — and move sweep/crown to vowel-team stage D3/D5. | G5: High
A6: 2 | B6: Sequence | C6: Blend level contains untaught vowel teams (sweep = ee, crown = ow). | D6: og_words.gd · WORDS level 3 | E6: Breaks OG's "only what's been taught" rule. | F6: Keep blend words to short-vowel closed syllables (C4/C5). | G6: High
A7: 3 | B7: Level numbers | C7: Three numbering systems share one "level" field: WORDS uses 1–3, ZONE1_WORDS 1–5, ZONE3_WORDS 13–20. words_for_level(1) returns both CVC words AND single letters (a, i, m, s...). | D7: og_words.gd · words_for_level() | E7: Zone 2 monsters (Lv 6–7) can ask the child to "spell" a single letter like "a". | F7: Give every word a stage_id (e.g. "C1") separate from monster/player level. | G7: High
A8: 4 | B8: Sequence | C8: Zone 3 jumps from blends straight to prefixes and irregular words, skipping magic e, open syllables, vowel teams, r-controlled, consonant-le and syllable division. | D8: zone_catalog.gd; ZONE3_WORDS | E8: Child meets replay (open syllable + ay) and music (open u = /yoo/) with no instruction. | F8: Insert Long-Vowel Lake, Growling Caves, Syllable Mountains (see Level Redesign). | G8: High
A9: 5 | B9: Word data | C9: Data errors in Zone 3: music sounds list /u/ (should be /ū/); area split a-r-ea; because sounds miss a vowel; come tiles c-o-me; kindness is an ind exception, not closed. | D9: og_words.gd · ZONE3_WORDS | E9: Audio and tiles teach the wrong sound. | F9: Re-check each entry; tag exceptions as Heart words. | G9: High
A10: 6 | B10: Word data | C10: Hints too adult or wrong: cap = "a container for holding things"; crown = "Head adornment"; from = "Origin or source"; brim = "Edge of a container". "sam" is a name in lowercase. | D10: og_words.gd | E10: Meaning clues confuse young readers. | F10: Rewrite hints at a 6–8-year-old level; use pictures where possible. | G10: Medium
A11: 7 | B11: Zone 2 range | C11: Zone 2 spans monster Lv 6–12 but only 3 content steps (CVC 6–7, digraphs 8–9, mixed 10–12). | D11: og_words.gd · pick_word_for_zone() | E11: Levels feel the same; no new pattern for several fights. | F11: Map each monster to a single stage (C1…C8). | G11: Medium
A12: 8 | B12: Gating | C12: No gate found: zones are entered just by walking, so a new player can reach the Citadel at once. | D12: iso_world.gd / zone_catalog.gd | E12: Child can jump to content far beyond their level → failure and frustration. | F12: Gate each zone with the previous boss + mastery of the band. | G12: High
A13: 9 | B13: Progression | C13: XP = monster word_level, so higher-zone monsters give much more XP; party level is shared in multiplayer. | D13: room_state_manager.gd · grant_party_xp() | E13: Rewards skipping ahead; two children at different stages share one level. | F13: Per-child mastery profile; XP for accuracy and review, not monster level. | G13: Medium
A14: 10 | B14: Difficulty | C14: Difficulty is only "word one level easier/harder" (Light = level−1, Heavy = level+1). Tries (3), audio and distractors are fixed. | D14: battle_screen.gd · _on_attack() | E14: No way to scaffold a struggling child or stretch a strong one inside a stage. | F14: Add Easy/Normal/Hard levers (see Difficulty System). | G14: Medium
A15: 11 | B15: Assessment | C15: No record of which stage/pattern the child gets right or wrong; no spaced review. | D15: — | E15: Can't be diagnostic/prescriptive, a core OG principle. | F15: Log every item (stage_id, correct, tries, date); drive review from it. | G15: Medium
A16: 12 | B16: Oral skills | C16: No phonological-awareness (oral, no letters) stage before letters. | D16: — | E16: Weak phonemic awareness is the core difficulty in dyslexia. | F16: Add Echo Meadow tutorial zone (A1–A7). | G16: Medium
... A18: 14 | B18: Keep | C18: Good foundations: CONFUSABLES list (b/d, sh/ch, c/k/ck), phoneme audio for every tile, Which Spelling? for final /k/, 2-second word repeat, no-punishment combat. | D18: og_words.gd; battle_screen.gd | E18: — | F18: Reuse all of these in the new modes. | G18: —

Sheet Sources
A1: Sources
A2: Research used for the learning map and difficulty system.
A4: Source | B4: Used for | C4: URL
A5: IMSE — An Overview of Orton-Gillingham | B5: OG principles; ~80% proficiency check; sounds → syllables → morphology | C5: https://imse.com/journal/article/wp/12481/
A6: IMSE — Phonological Awareness Continuum Guide | B6: Band A order: word → syllable → onset-rime → phoneme | C6: https://imse.com/journal/article/phonological-awareness-continuum-guide/
A7: Reading Rockets — Phonological and Phonemic Awareness (Reading 101) | B7: Band A tasks (isolation, blending, segmenting, manipulation) | C7: https://www.readingrockets.org/reading-101/reading-101-learning-modules/course-modules/phonological-and-phonemic-awareness/depth
A8: LiteracyLearn — Free Phonics Scope & Sequence | B8: Bands B–F order: FLOSS, -tch/-dge, suffix rules, vowel teams, r-controlled, soft c/g, silent letters, morphology | C8: https://literacylearn.com/free-phonics-scope-sequence/
A9: Reading Rockets — Historical Layers of English | B9: Band F: Anglo-Saxon → Latin → Greek morphology | C9: https://www.readingrockets.org/topics/spelling-and-word-study/articles/historical-layers-english
A10: Henry (2019) — Morphemes Matter / Words framework (UF) | B10: Letter–sound, syllable, morpheme layers | C10: https://education.ufl.edu/patterson/files/2021/01/Henry2019.pdf
A11: Project code — og-english-learning @ ab9750d | B11: Current Game Audit | C11: og_words.gd, zone_catalog.gd, iso_map_builder.gd, battle_screen.gd, room_state_manager.gd
